{
    "concentration=0.001": {
        "kT=0.5": {
            "replica 2": {
                "1 monomers": 4.0,
                "2 monomers": 0.0,
                "3 monomers": 0.0,
                "ABC": 0.0,
                "4 monomers": 0.0,
                "5 monomers": 0.0,
                "\u22656 monomers": 9.0
            },
            "replica 1": {
                "1 monomers": 2.0,
                "2 monomers": 0.0,
                "3 monomers": 1.0,
                "ABC": 0.0,
                "4 monomers": 1.0,
                "5 monomers": 0.0,
                "\u22656 monomers": 11.0
            },
            "replica 3": {
                "1 monomers": 3.0,
                "2 monomers": 1.0,
                "3 monomers": 0.0,
                "ABC": 0.0,
                "4 monomers": 0.0,
                "5 monomers": 0.0,
                "\u22656 monomers": 9.0
            },
            "Average": {
                "4 monomers": 0.3333333333333333,
                "1 monomers": 3.0,
                "3 monomers": 0.3333333333333333,
                "2 monomers": 0.3333333333333333,
                "ABC": 0.0,
                "5 monomers": 0.0,
                "\u22656 monomers": 9.666666666666666
            },
            "Std_Dev": {
                "4 monomers": 0.5773502691896257,
                "1 monomers": 1.0,
                "3 monomers": 0.5773502691896257,
                "2 monomers": 0.5773502691896257,
                "ABC": 0.0,
                "5 monomers": 0.0,
                "\u22656 monomers": 1.1547005383792515
            }
        },
        "kT=0.55": {
            "replica 1": {
                "1 monomers": 1.0,
                "2 monomers": 0.0,
                "3 monomers": 0.09157509157509147,
                "ABC": 0.9084249084249085,
                "4 monomers": 1.0,
                "5 monomers": 1.0,
                "\u22656 monomers": 7.0
            },
            "replica 2": {
                "1 monomers": 5.0,
                "2 monomers": 0.0,
                "3 monomers": 1.1636928289102202,
                "ABC": 0.8363071710897798,
                "4 monomers": 1.0,
                "5 monomers": 1.0,
                "\u22656 monomers": 11.0
            },
            "replica 3": {
                "1 monomers": 0.0,
                "2 monomers": 0.0,
                "3 monomers": 0.0,
                "ABC": 0.0,
                "4 monomers": 0.0,
                "5 monomers": 1.0,
                "\u22656 monomers": 13.0
            },
            "Average": {
                "4 monomers": 0.6666666666666666,
                "1 monomers": 2.0,
                "3 monomers": 0.41842264016177055,
                "2 monomers": 0.0,
                "ABC": 0.5815773598382294,
                "5 monomers": 1.0,
                "\u22656 monomers": 10.333333333333334
            },
            "Std_Dev": {
                "4 monomers": 0.5773502691896257,
                "1 monomers": 2.6457513110645907,
                "3 monomers": 0.6470450061835799,
                "2 monomers": 0.0,
                "ABC": 0.5049499095127048,
                "5 monomers": 0.0,
                "\u22656 monomers": 3.0550504633038935
            }
        },
        "kT=0.6": {
            "replica 2": {
                "1 monomers": 21.0,
                "2 monomers": 8.0,
                "3 monomers": 3.01738226296116,
                "ABC": 21.98261773703884,
                "4 monomers": 5.0,
                "5 monomers": 9.0,
                "\u22656 monomers": 14.0
            },
            "replica 3": {
                "1 monomers": 19.0,
                "2 monomers": 12.0,
                "3 monomers": 3.098641948768531,
                "ABC": 11.901358051231469,
                "4 monomers": 8.0,
                "5 monomers": 5.0,
                "\u22656 monomers": 21.0
            },
            "replica 1": {
                "1 monomers": 19.0,
                "2 monomers": 8.0,
                "3 monomers": 1.3754030062729328,
                "ABC": 13.624596993727067,
                "4 monomers": 5.0,
                "5 monomers": 5.0,
                "\u22656 monomers": 17.0
            },
            "Average": {
                "4 monomers": 6.0,
                "1 monomers": 19.666666666666668,
                "3 monomers": 2.4971424060008744,
                "2 monomers": 9.333333333333334,
                "ABC": 15.836190927332458,
                "5 monomers": 6.333333333333333,
                "\u22656 monomers": 17.333333333333332
            },
            "Std_Dev": {
                "4 monomers": 1.7320508075688772,
                "1 monomers": 1.1547005383792515,
                "3 monomers": 0.972304090709733,
                "2 monomers": 2.309401076758503,
                "ABC": 5.392245358711096,
                "5 monomers": 2.309401076758503,
                "\u22656 monomers": 3.511884584284246
            }
        },
        "kT=0.65": {
            "replica 1": {
                "1 monomers": 28.0,
                "2 monomers": 7.0,
                "3 monomers": 7.265266322550623,
                "ABC": 34.73473367744938,
                "4 monomers": 5.0,
                "5 monomers": 9.0,
                "\u22656 monomers": 9.0
            },
            "replica 2": {
                "1 monomers": 37.0,
                "2 monomers": 3.0,
                "3 monomers": 6.821637213372643,
                "ABC": 25.178362786627357,
                "4 monomers": 6.0,
                "5 monomers": 8.0,
                "\u22656 monomers": 12.0
            },
            "replica 3": {
                "1 monomers": 25.0,
                "2 monomers": 8.0,
                "3 monomers": 4.761702127659575,
                "ABC": 32.238297872340425,
                "4 monomers": 11.0,
                "5 monomers": 4.0,
                "\u22656 monomers": 11.0
            },
            "Average": {
                "4 monomers": 7.333333333333333,
                "1 monomers": 30.0,
                "3 monomers": 6.282868554527614,
                "2 monomers": 6.0,
                "ABC": 30.717131445472386,
                "5 monomers": 7.0,
                "\u22656 monomers": 10.666666666666666
            },
            "Std_Dev": {
                "4 monomers": 3.2145502536643185,
                "1 monomers": 6.244997998398398,
                "3 monomers": 1.3359124860185898,
                "2 monomers": 2.6457513110645907,
                "ABC": 4.956462107633879,
                "5 monomers": 2.6457513110645907,
                "\u22656 monomers": 1.5275252316519468
            }
        },
        "kT=0.7": {
            "replica 3": {
                "1 monomers": 40.0,
                "2 monomers": 16.0,
                "3 monomers": 2.4029621848739495,
                "ABC": 43.59703781512605,
                "4 monomers": 10.0,
                "5 monomers": 4.0,
                "\u22656 monomers": 5.0
            },
            "replica 2": {
                "1 monomers": 41.0,
                "2 monomers": 15.0,
                "3 monomers": 3.9489906516732205,
                "ABC": 46.05100934832678,
                "4 monomers": 4.0,
                "5 monomers": 5.0,
                "\u22656 monomers": 5.0
            },
            "replica 1": {
                "1 monomers": 46.0,
                "2 monomers": 15.0,
                "3 monomers": 1.2684275137871097,
                "ABC": 44.73157248621289,
                "4 monomers": 2.0,
                "5 monomers": 10.0,
                "\u22656 monomers": 4.0
            },
            "Average": {
                "4 monomers": 5.333333333333333,
                "1 monomers": 42.333333333333336,
                "3 monomers": 2.54012678344476,
                "2 monomers": 15.333333333333334,
                "ABC": 44.79320654988857,
                "5 monomers": 6.333333333333333,