{
    "concentration=0.001": {
        "kT=0.5": {
            "replica 3": {
                "1 monomers": 56.0,
                "2 monomers": 18.0,
                "3 monomers": 1.24722222222222,
                "ABC": 67.75277777777778,
                "4 monomers": 0.0,
                "5 monomers": 0.0,
                "\u22656 monomers": 0.0
            },
            "replica 2": {
                "1 monomers": 61.0,
                "2 monomers": 14.0,
                "3 monomers": 1.2000000000000028,
                "ABC": 68.8,
                "4 monomers": 0.0,
                "5 monomers": 0.0,
                "\u22656 monomers": 0.0
            },
            "replica 1": {
                "1 monomers": 58.0,
                "2 monomers": 17.0,
                "3 monomers": 1.551227393296358,
                "ABC": 66.44877260670364,
                "4 monomers": 0.0,
                "5 monomers": 1.0,
                "\u22656 monomers": 0.0
            },
            "Average": {
                "5 monomers": 0.3333333333333333,
                "\u22656 monomers": 0.0,
                "ABC": 67.6671834614938,
                "1 monomers": 58.333333333333336,
                "4 monomers": 0.0,
                "3 monomers": 1.3328165385061936,
                "2 monomers": 16.333333333333332
            },
            "Std_Dev": {
                "5 monomers": 0.5773502691896257,
                "\u22656 monomers": 0.0,
                "ABC": 1.1779483664328771,
                "1 monomers": 2.516611478423583,
                "4 monomers": 0.0,
                "3 monomers": 0.1906173147579433,
                "2 monomers": 2.0816659994661326
            }
        },
        "kT=0.55": {
            "replica 3": {
                "1 monomers": 53.0,
                "2 monomers": 26.0,
                "3 monomers": 1.0,
                "ABC": 64.0,
                "4 monomers": 0.0,
                "5 monomers": 0.0,
                "\u22656 monomers": 0.0
            },
            "replica 1": {
                "1 monomers": 83.0,
                "2 monomers": 26.0,
                "3 monomers": 1.20000000000001,
                "ABC": 53.79999999999999,
                "4 monomers": 0.0,
                "5 monomers": 0.0,
                "\u22656 monomers": 0.0
            },
            "Average": {
                "5 monomers": 0.0,
                "\u22656 monomers": 0.0,
                "ABC": 58.89999999999999,
                "1 monomers": 68.0,
                "4 monomers": 0.0,
                "3 monomers": 1.100000000000005,
                "2 monomers": 26.0
            },
            "Std_Dev": {
                "5 monomers": 0.0,
                "\u22656 monomers": 0.0,
                "ABC": 7.212489168102792,
                "1 monomers": 21.213203435596427,
                "4 monomers": 0.0,
                "3 monomers": 0.14142135623731653,
                "2 monomers": 0.0
            }
        },
        "kT=0.6": {
            "replica 2": {
                "1 monomers": 74.0,
                "2 monomers": 16.0,
                "3 monomers": 0.7999999999999972,
                "ABC": 64.2,
                "4 monomers": 0.0,
                "5 monomers": 0.0,
                "\u22656 monomers": 0.0
            },
            "replica 3": {
                "1 monomers": 71.0,
                "2 monomers": 13.0,
                "3 monomers": 1.4000000000000057,
                "ABC": 66.6,
                "4 monomers": 0.0,
                "5 monomers": 0.0,
                "\u22656 monomers": 0.0
            },
            "replica 1": {
                "1 monomers": 80.0,
                "2 monomers": 19.0,
                "3 monomers": 1.5051056681901542,
                "ABC": 59.494894331809846,
                "4 monomers": 0.0,
                "5 monomers": 0.0,
                "\u22656 monomers": 0.0
            },
            "Average": {
                "5 monomers": 0.0,
                "\u22656 monomers": 0.0,
                "ABC": 63.43163144393662,
                "1 monomers": 75.0,
                "4 monomers": 0.0,
                "3 monomers": 1.2350352227300523,
                "2 monomers": 16.0
            },
            "Std_Dev": {
                "5 monomers": 0.0,
                "\u22656 monomers": 0.0,
                "ABC": 3.6143359441946106,
                "1 monomers": 4.58257569495584,
                "4 monomers": 0.0,
                "3 monomers": 0.38039917735618983,
                "2 monomers": 3.0
            }
        },
        "kT=0.65": {
            "replica 3": {
                "1 monomers": 90.0,
                "2 monomers": 12.0,
                "3 monomers": 1.8090909090909122,
                "ABC": 60.19090909090909,
                "4 monomers": 0.0,
                "5 monomers": 0.0,
                "\u22656 monomers": 0.0
            },
            "replica 1": {
                "1 monomers": 93.0,
                "2 monomers": 15.0,
                "3 monomers": 1.1650602409638608,
                "ABC": 57.83493975903614,
                "4 monomers": 0.0,
                "5 monomers": 0.0,
                "\u22656 monomers": 0.0
            },
            "replica 2": {
                "1 monomers": 110.0,
                "2 monomers": 14.0,
                "3 monomers": 0.4296089385474886,
                "ABC": 53.57039106145251,
                "4 monomers": 0.0,
                "5 monomers": 0.0,
                "\u22656 monomers": 0.0
            },
            "Average": {
                "5 monomers": 0.0,
                "\u22656 monomers": 0.0,
                "ABC": 57.19874663713258,
                "1 monomers": 97.66666666666667,
                "4 monomers": 0.0,
                "3 monomers": 1.1345866962007538,
                "2 monomers": 13.666666666666666
            },
            "Std_Dev": {
                "5 monomers": 0.0,
                "\u22656 monomers": 0.0,
                "ABC": 3.3557966283518947,
                "1 monomers": 10.785793124908958,
                "4 monomers": 0.0,
                "3 monomers": 0.6902456841309575,
                "2 monomers": 1.5275252316519468
            }
        },
        "kT=0.7": {
            "replica 3": {
                "1 monomers": 96.0,
                "2 monomers": 12.0,
                "3 monomers": 1.2349112426035447,
                "ABC": 58.765088757396455,
                "4 monomers": 0.0,
                "5 monomers": 0.0,
                "\u22656 monomers": 0.0
            },
            "replica 2": {
                "1 monomers": 117.0,
                "2 monomers": 9.0,
                "3 monomers": 1.428021978021981,
                "ABC": 53.57197802197802,
                "4 monomers": 0.0,
                "5 monomers": 0.0,
                "\u22656 monomers": 0.0
            },
            "replica 1": {
                "1 monomers": 108.0,
                "2 monomers": 6.0,
                "3 monomers": 1.4679999999999964,
                "ABC": 58.532000000000004,
                "4 monomers": 0.0,
                "5 monomers": 0.0,
                "\u22656 monomers": 0.0
            },
            "Average": {
                "5 monomers": 0.0,
                "\u22656 monomers": 0.0,
                "ABC": 56.956355593124826,
                "1 monomers": 107.0,
                "4 monomers": 0.0,
                "3 monomers": 1.3769777402085073,
                "2 monomers": 9.0
            },
            "Std_Dev": {
                "5 monomers": 0.0,
                "\u22656 monomers": 0.0,
                "ABC": 2.9332731291625955,
                "1 monomers": 10.535653752852738,
                "4 monomers": 0.0,
                "3 monomers": 0.12464641136681119,
                "2 monomers": 3.0
            }
        },
        "kT=0.75": {
            "replica 3": {
                "1 monomers": 122.0,
                "2 monomers": 14.0,