{
    "concentration=0.001": {
        "kT=0.5": {
            "replica 1": {
                "1 monomers": 119.0,
                "2 monomers": 50.0,
                "3 monomers": 0.31370558375634516,
                "ABC": 26.686294416243655,
                "4 monomers": 0.0,
                "5 monomers": 0.0,
                "\u22656 monomers": 0.0
            },
            "replica 2": {
                "1 monomers": 107.0,
                "2 monomers": 32.0,
                "3 monomers": 0.5215982851794791,
                "ABC": 42.47840171482052,
                "4 monomers": 0.0,
                "5 monomers": 0.0,
                "\u22656 monomers": 0.0
            },
            "replica 3": {
                "1 monomers": 112.0,
                "2 monomers": 28.0,
                "3 monomers": 0.5690217391304415,
                "ABC": 41.43097826086956,
                "4 monomers": 0.0,
                "5 monomers": 0.0,
                "\u22656 monomers": 1.0
            },
            "Average": {
                "\u22656 monomers": 0.3333333333333333,
                "3 monomers": 0.46810853602208863,
                "5 monomers": 0.0,
                "ABC": 36.86522479731124,
                "4 monomers": 0.0,
                "1 monomers": 112.66666666666667,
                "2 monomers": 36.666666666666664
            },
            "Std_Dev": {
                "\u22656 monomers": 0.5773502691896257,
                "3 monomers": 0.1358029813643384,
                "5 monomers": 0.0,
                "ABC": 8.830755446162986,
                "4 monomers": 0.0,
                "1 monomers": 6.027713773341708,
                "2 monomers": 11.718930554164631
            }
        },
        "kT=0.55": {
            "replica 3": {
                "1 monomers": 206.0,
                "2 monomers": 18.0,
                "3 monomers": 0.02706481722663412,
                "ABC": 18.972935182773366,
                "4 monomers": 0.0,
                "5 monomers": 0.0,
                "\u22656 monomers": 0.0
            },
            "replica 1": {
                "1 monomers": 200.0,
                "2 monomers": 17.0,
                "3 monomers": 1.031863573230119,
                "ABC": 20.96813642676988,
                "4 monomers": 0.0,
                "5 monomers": 0.0,
                "\u22656 monomers": 0.0
            },
            "Average": {
                "\u22656 monomers": 0.0,
                "3 monomers": 0.5294641952283765,
                "5 monomers": 0.0,
                "ABC": 19.97053580477162,
                "4 monomers": 0.0,
                "1 monomers": 203.0,
                "2 monomers": 17.5
            },
            "Std_Dev": {
                "\u22656 monomers": 0.0,
                "3 monomers": 0.7105000140978712,
                "5 monomers": 0.0,
                "ABC": 1.4108203294617714,
                "4 monomers": 0.0,
                "1 monomers": 4.242640687119285,
                "2 monomers": 0.7071067811865476
            }
        },
        "kT=0.6": {
            "replica 3": {
                "1 monomers": 189.0,
                "2 monomers": 22.0,
                "3 monomers": 0.060581833625313664,
                "ABC": 20.939418166374686,
                "4 monomers": 1.0,
                "5 monomers": 0.0,
                "\u22656 monomers": 0.0
            },
            "replica 2": {
                "1 monomers": 187.0,
                "2 monomers": 27.0,
                "3 monomers": 0.47568804980647883,
                "ABC": 18.52431195019352,
                "4 monomers": 1.0,
                "5 monomers": 0.0,
                "\u22656 monomers": 0.0
            },
            "Average": {
                "\u22656 monomers": 0.0,
                "3 monomers": 0.26813494171589625,
                "5 monomers": 0.0,
                "ABC": 19.731865058284104,
                "4 monomers": 1.0,
                "1 monomers": 188.0,
                "2 monomers": 24.5
            },
            "Std_Dev": {
                "\u22656 monomers": 0.0,
                "3 monomers": 0.29352442037439086,
                "5 monomers": 0.0,
                "ABC": 1.707737982747486,
                "4 monomers": 0.0,
                "1 monomers": 1.4142135623730951,
                "2 monomers": 3.5355339059327378
            }
        },
        "kT=0.65": {
            "replica 3": {
                "1 monomers": 193.0,
                "2 monomers": 28.0,
                "3 monomers": 0.39910315484702963,
                "ABC": 16.60089684515297,
                "4 monomers": 0.0,
                "5 monomers": 0.0,
                "\u22656 monomers": 0.0
            },
            "replica 2": {
                "1 monomers": 195.0,
                "2 monomers": 20.0,
                "3 monomers": 0.2437650717392934,
                "ABC": 21.756234928260707,
                "4 monomers": 0.0,
                "5 monomers": 0.0,
                "\u22656 monomers": 0.0
            },
            "replica 1": {
                "1 monomers": 206.0,
                "2 monomers": 20.0,
                "3 monomers": 0.9000000000000021,
                "ABC": 17.099999999999998,
                "4 monomers": 0.0,
                "5 monomers": 0.0,
                "\u22656 monomers": 0.0
            },
            "Average": {
                "\u22656 monomers": 0.0,
                "3 monomers": 0.5142894088621084,
                "5 monomers": 0.0,
                "ABC": 18.48571059113789,
                "4 monomers": 0.0,
                "1 monomers": 198.0,
                "2 monomers": 22.666666666666668
            },
            "Std_Dev": {
                "\u22656 monomers": 0.0,
                "3 monomers": 0.34294602359971177,
                "5 monomers": 0.0,
                "ABC": 2.8433295745620195,
                "4 monomers": 0.0,
                "1 monomers": 7.0,
                "2 monomers": 4.618802153517006
            }
        },
        "kT=0.7": {
            "replica 1": {
                "1 monomers": 174.0,
                "2 monomers": 27.0,
                "3 monomers": 1.6097345132743364,
                "ABC": 22.390265486725664,
                "4 monomers": 0.0,
                "5 monomers": 0.0,
                "\u22656 monomers": 0.0
            },
            "replica 3": {
                "1 monomers": 177.0,
                "2 monomers": 20.0,
                "3 monomers": 0.8400744714926311,
                "ABC": 27.15992552850737,
                "4 monomers": 0.0,
                "5 monomers": 0.0,
                "\u22656 monomers": 0.0
            },
            "replica 2": {
                "1 monomers": 186.0,
                "2 monomers": 24.0,
                "3 monomers": 0.28937150676654255,
                "ABC": 21.710628493233457,
                "4 monomers": 0.0,
                "5 monomers": 0.0,
                "\u22656 monomers": 0.0
            },
            "Average": {
                "\u22656 monomers": 0.0,
                "3 monomers": 0.9130601638445034,
                "5 monomers": 0.0,
                "ABC": 23.753606502822162,
                "4 monomers": 0.0,
                "1 monomers": 179.0,
                "2 monomers": 23.666666666666668
            },
            "Std_Dev": {
                "\u22656 monomers": 0.0,
                "3 monomers": 0.6632004227265214,
                "5 monomers": 0.0,
                "ABC": 2.969466886377004,
                "4 monomers": 0.0,
                "1 monomers": 6.244997998398398,
                "2 monomers": 3.511884584284246
            }
        },
        "kT=0.75": {
            "replica 3": {
                "1 monomers": 241.0,
                "2 monomers": 29.0,
                "3 monomers": 0.0,
                "ABC": 0.0,
                "4 monomers": 0.0,
                "5 monomers": 0.0,
                "\u22656 monomers": 0.0
            },